Product ID,Week,Demand,Seasonal_Naive,Model_Pred,fold
P0009,2023-03-13,4667,4227.0,4144.9634,1
P0015,2023-03-13,3908,4164.0,3747.8894,1
P0005,2023-03-13,4187,3294.0,3894.7642,1
P0013,2023-03-13,6069,4169.0,4358.7007,1
P0016,2023-03-13,3370,3678.0,3437.952,1
P0011,2023-03-13,3729,3646.0,3918.761,1
P0014,2023-03-13,3733,3939.0,3713.5813,1
P0018,2023-03-13,3617,3656.0,3760.8452,1
P0002,2023-03-13,4634,4107.0,4188.1807,1
P0007,2023-03-13,4570,4076.0,4199.7324,1
P0019,2023-03-13,3383,3095.0,3405.153,1
P0004,2023-03-13,4414,4453.0,4130.097,1
P0020,2023-03-13,3585,3384.0,3791.4124,1
P0008,2023-03-13,3864,4002.0,3620.1538,1
P0012,2023-03-13,3564,3261.0,3572.7588,1
P0003,2023-03-13,4237,4704.0,3933.6384,1
P0017,2023-03-13,4069,4065.0,3821.4082,1
P0010,2023-03-13,3991,4359.0,3914.5295,1
P0006,2023-03-13,4251,4630.0,4372.6313,1
P0001,2023-03-13,3885,4197.0,4215.717,1
P0008,2023-03-20,3745,3594.0,4036.3108,1
P0007,2023-03-20,4448,4589.0,4447.137,1
P0009,2023-03-20,4315,4550.0,4051.7915,1
P0016,2023-03-20,4220,3869.0,3842.384,1
P0013,2023-03-20,4706,4414.0,4164.362,1
P0003,2023-03-20,3687,4210.0,3656.909,1
P0012,2023-03-20,3266,3310.0,3426.623,1
P0002,2023-03-20,4149,4359.0,4164.4185,1
P0005,2023-03-20,4085,4454.0,4147.6313,1
P0001,2023-03-20,4376,4366.0,4493.723,1
P0019,2023-03-20,3449,3893.0,3562.286,1
P0004,2023-03-20,4177,4034.0,4237.9917,1
P0020,2023-03-20,3329,3351.0,3692.502,1
P0018,2023-03-20,3831,4103.0,3808.601,1
P0017,2023-03-20,4107,4395.0,4121.0947,1
P0011,2023-03-20,4146,3956.0,3625.0908,1
P0015,2023-03-20,3910,3579.0,3775.7334,1
P0014,2023-03-20,3587,3535.0,3658.4812,1
P0006,2023-03-20,4331,4726.0,3952.4797,1
P0010,2023-03-20,4407,5413.0,3955.1484,1
P0011,2023-03-27,3556,3432.0,3697.3716,1
P0018,2023-03-27,3222,3326.0,3997.3958,1
P0008,2023-03-27,3815,3448.0,3919.0945,1
P0006,2023-03-27,4093,4253.0,4341.9,1
P0002,2023-03-27,4497,4250.0,3930.829,1
P0019,2023-03-27,3661,2940.0,3597.4963,1
P0012,2023-03-27,3184,3494.0,3498.424,1
P0014,2023-03-27,3526,3745.0,3593.4036,1
P0007,2023-03-27,4357,3883.0,4131.6914,1
P0016,2023-03-27,3427,4074.0,3943.4106,1
P0017,2023-03-27,3469,3743.0,3516.806,1
P0020,2023-03-27,3348,3341.0,3405.8384,1
P0003,2023-03-27,3692,3964.0,3887.3994,1
P0004,2023-03-27,3531,4189.0,3847.5974,1
P0001,2023-03-27,3794,3991.0,4095.2725,1
P0005,2023-03-27,4013,3977.0,4026.0647,1
P0010,2023-03-27,3867,4572.0,4044.636,1
P0009,2023-03-27,3857,3381.0,4113.98,1
P0013,2023-03-27,4036,4188.0,4047.0554,1
P0015,2023-03-27,3878,3443.0,4021.8955,1
P0007,2023-04-03,4237,4689.0,4258.9165,1
P0003,2023-04-03,3952,4404.0,4047.7346,1
P0010,2023-04-03,4085,3824.0,3879.564,1
P0012,2023-04-03,3537,4118.0,3723.673,1
P0019,2023-04-03,3666,3423.0,3703.6062,1
P0017,2023-04-03,4382,3962.0,3870.6204,1
P0013,2023-04-03,4791,4778.0,4564.246,1
P0014,2023-04-03,3584,3639.0,3606.4238,1
P0020,2023-04-03,3166,3415.0,3613.713,1
P0009,2023-04-03,4687,3737.0,4142.9507,1
P0018,2023-04-03,2953,3254.0,3609.1162,1
P0006,2023-04-03,4252,4124.0,4259.9785,1
P0016,2023-04-03,3690,3474.0,3719.3567,1
P0008,2023-04-03,4278,3538.0,4011.316,1
P0001,2023-04-03,4008,3881.0,4174.5107,1
P0015,2023-04-03,2880,3791.0,4117.384,1
P0011,2023-04-03,3439,4315.0,3549.2207,1
P0005,2023-04-03,3572,3812.0,3939.6917,1
P0004,2023-04-03,4063,4391.0,3855.8118,1
P0002,2023-04-03,3862,4277.0,4257.262,1
P0017,2023-04-10,2371,4101.0,4143.9556,1
P0006,2023-04-10,3023,4318.0,4291.4204,1
P0007,2023-04-10,3240,4203.0,4323.178,1
P0010,2023-04-10,2867,4711.0,3952.1401,1
P0008,2023-04-10,3509,3813.0,4068.175,1
P0020,2023-04-10,2093,3317.0,3726.539,1
P0005,2023-04-10,2754,4275.0,3819.566,1
P0004,2023-04-10,3403,4309.0,4447.1465,1
P0001,2023-04-10,2772,4533.0,4319.694,1
P0019,2023-04-10,3076,3437.0,3899.3757,1
P0012,2023-04-10,2480,3556.0,3800.3284,1
P0015,2023-04-10,2394,3962.0,3979.5154,1
P0018,2023-04-10,3028,3586.0,3869.384,1
P0016,2023-04-10,2842,4174.0,4112.2876,1
P0013,2023-04-10,2542,4280.0,4280.316,1
P0009,2023-04-10,3005,4263.0,4167.445,1
P0003,2023-04-10,2923,4137.0,4163.8364,1
P0002,2023-04-10,3236,4206.0,4154.536,1
P0014,2023-04-10,2485,3765.0,3799.3916,1
P0011,2023-04-10,2700,4054.0,3565.3901,1
P0003,2023-04-17,2221,3673.0,3689.8904,1
P0004,2023-04-17,2853,3612.0,3927.7847,1
P0002,2023-04-17,2543,3926.0,3828.0479,1
P0020,2023-04-17,1666,2915.0,3538.5215,1
P0019,2023-04-17,2368,3518.0,3668.7134,1
P0016,2023-04-17,2577,3238.0,3955.491,1
P0017,2023-04-17,1509,3424.0,3621.3303,1
P0008,2023-04-17,2861,4368.0,3937.497,1
P0012,2023-04-17,1846,3161.0,3476.6917,1
P0014,2023-04-17,2186,3094.0,3695.0693,1
P0001,2023-04-17,2558,3463.0,3950.6982,1
P0013,2023-04-17,2487,3692.0,3966.8926,1
P0010,2023-04-17,2786,3659.0,4027.9946,1
P0007,2023-04-17,2722,3740.0,4042.6438,1
P0018,2023-04-17,2672,3210.0,3727.0586,1
P0009,2023-04-17,3279,3672.0,3946.27,1
P0006,2023-04-17,2419,3513.0,3761.6433,1
P0005,2023-04-17,2598,3612.0,3954.3909,1
P0011,2023-04-17,2443,3255.0,3852.9683,1
P0015,2023-04-17,2339,3997.0,4011.8967,1
P0007,2023-04-24,2431,2548.0,3698.5745,1
P0003,2023-04-24,2152,2210.0,3664.9595,1
P0013,2023-04-24,2540,2441.0,3624.58,1
P0014,2023-04-24,1812,1831.0,3548.8872,1
P0012,2023-04-24,1808,1530.0,3568.55,1
P0009,2023-04-24,3016,3295.0,3761.1907,1
P0015,2023-04-24,2038,2390.0,3633.855,1
P0011,2023-04-24,2206,2378.0,3530.5671,1
P0018,2023-04-24,2645,2454.0,3836.6614,1
P0016,2023-04-24,1935,1653.0,3657.63,1
P0019,2023-04-24,2725,2560.0,3865.8574,1
P0004,2023-04-24,2466,2567.0,3720.1638,1
P0005,2023-04-24,3304,2458.0,4000.3225,1
P0006,2023-04-24,2442,2292.0,3748.0315,1
P0002,2023-04-24,2593,2676.0,3638.5322,1
P0020,2023-04-24,1570,1714.0,3348.9644,1
P0008,2023-04-24,2411,2722.0,3841.1284,1
P0017,2023-04-24,1745,1926.0,3577.1602,1
P0010,2023-04-24,2340,2548.0,3780.0881,1
P0001,2023-04-24,2947,2577.0,4005.932,1
P0006,2023-05-01,2680,2453.0,3715.9932,1
P0014,2023-05-01,1935,2286.0,3528.406,1
P0020,2023-05-01,1900,2011.0,2445.109,1
P0018,2023-05-01,2625,2703.0,3613.8704,1
P0008,2023-05-01,2365,2431.0,3723.147,1
P0003,2023-05-01,2400,2435.0,3852.1506,1
P0017,2023-05-01,1568,2041.0,2863.7603,1
P0002,2023-05-01,3271,2770.0,4008.1304,1
P0011,2023-05-01,2405,2461.0,3753.025,1
P0007,2023-05-01,2913,2505.0,3974.531,1
P0004,2023-05-01,2875,2684.0,3987.9673,1
P0005,2023-05-01,2771,2435.0,4048.775,1
P0010,2023-05-01,2343,2786.0,3957.2612,1
P0015,2023-05-01,2447,2247.0,3652.4062,1
P0019,2023-05-01,2547,2626.0,3696.1943,1
P0016,2023-05-01,2164,2267.0,3666.8452,1
P0012,2023-05-01,1723,2098.0,3245.7317,1
P0013,2023-05-01,2619,2348.0,3662.4707,1
P0001,2023-05-01,3069,2311.0,4036.8489,1
P0009,2023-05-01,3233,3126.0,3818.2634,1
P0009,2023-05-08,3433,3059.0,3722.1558,1
P0008,2023-05-08,3009,2848.0,3940.3025,1
P0005,2023-05-08,3037,2685.0,3727.568,1
P0015,2023-05-08,3052,2125.0,3537.1226,1
P0002,2023-05-08,3838,2596.0,3759.9048,1
P0010,2023-05-08,2463,2351.0,3723.535,1
P0006,2023-05-08,2685,2230.0,3783.6646,1
P0020,2023-05-08,2293,1780.0,2982.905,1
P0018,2023-05-08,3169,2709.0,3712.8464,1
P0003,2023-05-08,2363,2591.0,3513.3252,1
P0011,2023-05-08,2712,2747.0,3648.897,1
P0019,2023-05-08,2695,2588.0,3659.3489,1
P0013,2023-05-08,3041,2214.0,3771.0007,1
P0007,2023-05-08,3137,2673.0,3953.781,1
P0016,2023-05-08,2773,2120.0,3555.762,1
P0001,2023-05-08,3394,2465.0,3861.837,1
P0012,2023-05-08,2112,1630.0,3079.35,1
P0014,2023-05-08,2419,2004.0,2724.7246,1
P0017,2023-05-08,2346,1695.0,2942.503,1
P0004,2023-05-08,3223,3012.0,3943.243,1
P0009,2023-05-15,4133,3331.0,3600.597,1
P0013,2023-05-15,4528,2603.0,3977.8818,1
P0020,2023-05-15,3536,2068.0,3478.49,1
P0016,2023-05-15,4209,2231.0,3327.7026,1
P0017,2023-05-15,4243,1849.0,3096.0022,1
P0006,2023-05-15,4273,2630.0,3768.4705,1
P0018,2023-05-15,3736,2373.0,3889.307,1
P0011,2023-05-15,3815,2335.0,3310.794,1
P0005,2023-05-15,4032,2477.0,3642.0889,1
P0004,2023-05-15,4140,2751.0,3633.0054,1
P0015,2023-05-15,3640,2654.0,3409.9856,1
P0010,2023-05-15,4521,2622.0,3761.1025,1
P0019,2023-05-15,3897,2660.0,3785.1199,1
P0012,2023-05-15,4002,1851.0,3428.3997,1
P0007,2023-05-15,4350,2367.0,3603.406,1
P0008,2023-05-15,4038,2546.0,3814.2356,1
P0003,2023-05-15,4103,2386.0,3479.9097,1
P0014,2023-05-15,4086,2116.0,3635.4224,1
P0002,2023-05-15,4091,2795.0,4334.3057,1
P0001,2023-05-15,4176,2525.0,3832.3455,1
P0016,2023-05-22,3546,3350.0,3781.811,1
P0008,2023-05-22,3413,3476.0,3424.9902,1
P0005,2023-05-22,4153,3534.0,4301.044,1
P0019,2023-05-22,3339,2986.0,3934.401,1
P0004,2023-05-22,4031,3514.0,3888.4524,1
P0017,2023-05-22,3953,3016.0,4164.8257,1
P0011,2023-05-22,3832,2897.0,3589.477,1
P0012,2023-05-22,4232,2793.0,4020.679,1
P0018,2023-05-22,3589,3529.0,3922.9634,1
P0006,2023-05-22,3938,2486.0,4087.6526,1
P0015,2023-05-22,3692,3534.0,3788.9578,1
P0003,2023-05-22,4287,3087.0,3917.6382,1
P0014,2023-05-22,3654,3030.0,3740.524,1
P0013,2023-05-22,4220,3599.0,3949.688,1
P0001,2023-05-22,4086,3211.0,3943.6523,1
P0007,2023-05-22,4199,3139.0,4002.3047,1
P0002,2023-05-22,4336,3572.0,3925.6794,1
P0009,2023-05-22,4596,4334.0,3984.7515,1
P0020,2023-05-22,3301,2945.0,3428.4597,1
P0010,2023-05-22,3947,3357.0,4123.499,1
P0014,2023-05-29,4024,4067.0,3838.2546,2
P0012,2023-05-29,2886,3415.0,3418.4014,2
P0020,2023-05-29,2977,4668.0,3335.6736,2
P0004,2023-05-29,4139,4329.0,3991.6438,2
P0016,2023-05-29,3389,3661.0,3610.3958,2
P0003,2023-05-29,3751,3727.0,3642.0732,2
P0013,2023-05-29,4937,4986.0,4118.202,2
P0019,2023-05-29,3391,3646.0,3428.5505,2
P0001,2023-05-29,4255,4243.0,4082.9248,2
P0002,2023-05-29,4377,4392.0,4232.683,2
P0017,2023-05-29,3378,3201.0,3454.781,2
P0015,2023-05-29,3798,3747.0,3638.2432,2
P0007,2023-05-29,4453,4798.0,4204.196,2
P0008,2023-05-29,3885,4219.0,3912.3857,2
P0010,2023-05-29,4168,2913.0,3794.3887,2
P0005,2023-05-29,3967,3940.0,4067.348,2
P0006,2023-05-29,3927,3234.0,3879.7983,2
P0018,2023-05-29,3623,3430.0,3937.0312,2
P0009,2023-05-29,4082,4218.0,4177.617,2
P0011,2023-05-29,3357,3533.0,3600.993,2
P0009,2023-06-05,5275,4034.0,4300.0913,2
P0017,2023-06-05,3312,3244.0,4146.768,2
P0007,2023-06-05,5219,4644.0,4349.28,2
P0001,2023-06-05,4725,4321.0,4115.0083,2
P0013,2023-06-05,5281,4998.0,5136.6123,2
P0005,2023-06-05,4489,4403.0,3852.0596,2
P0020,2023-06-05,3477,3196.0,3307.2341,2
P0008,2023-06-05,4370,3804.0,4269.4536,2
P0011,2023-06-05,4001,3792.0,3614.3296,2
P0010,2023-06-05,4498,4226.0,3943.2893,2
P0002,2023-06-05,4075,5332.0,4090.4175,2
P0003,2023-06-05,4071,4052.0,4239.177,2
P0006,2023-06-05,4402,4610.0,4348.5503,2
P0014,2023-06-05,4213,3563.0,4001.347,2
P0012,2023-06-05,4086,3672.0,3628.5774,2
P0019,2023-06-05,3871,3282.0,3547.906,2
P0018,2023-06-05,3873,3876.0,3942.1655,2
P0016,2023-06-05,4341,3996.0,4050.1602,2
P0015,2023-06-05,4152,4549.0,3790.4575,2
P0004,2023-06-05,5176,5101.0,4121.305,2
P0015,2023-06-12,4627,3967.0,4173.341,2
P0009,2023-06-12,4609,4592.0,3914.0813,2
P0010,2023-06-12,4402,4633.0,3838.0698,2
P0014,2023-06-12,3932,3887.0,3929.5024,2
P0011,2023-06-12,2370,4156.0,3734.36,2
P0012,2023-06-12,3981,3360.0,4027.9165,2
P0013,2023-06-12,4597,4846.0,3587.2913,2
P0007,2023-06-12,4797,4396.0,3784.8457,2
P0018,2023-06-12,3524,3837.0,3906.6504,2
P0005,2023-06-12,4252,4598.0,4190.4067,2
P0016,2023-06-12,4087,3880.0,4016.3193,2
P0004,2023-06-12,5340,4902.0,4860.1484,2
P0019,2023-06-12,3313,3723.0,3871.76,2
P0017,2023-06-12,3558,3628.0,3738.245,2
P0003,2023-06-12,3887,4053.0,3651.337,2
P0020,2023-06-12,2963,2993.0,3520.1833,2
P0001,2023-06-12,4939,4487.0,4635.816,2
P0006,2023-06-12,4255,4294.0,3980.2207,2
P0002,2023-06-12,4083,5120.0,3806.7578,2
P0008,2023-06-12,3853,3573.0,3840.1904,2
P0005,2023-06-19,4806,3856.0,4379.544,2
P0011,2023-06-19,3638,3878.0,3287.87,2
P0008,2023-06-19,4557,4340.0,3954.1843,2
P0016,2023-06-19,4315,4427.0,4563.6284,2
P0006,2023-06-19,4312,4536.0,4216.8774,2
P0007,2023-06-19,5141,4498.0,3896.6636,2
P0017,2023-06-19,3439,3451.0,3718.6812,2
P0014,2023-06-19,4191,3990.0,4074.7034,2
P0013,2023-06-19,4641,5292.0,3869.7214,2
P0015,2023-06-19,3905,4538.0,4127.5635,2
P0010,2023-06-19,5664,4612.0,4515.735,2
P0018,2023-06-19,3432,4387.0,3903.4387,2
P0002,2023-06-19,4475,4206.0,3906.8223,2
P0020,2023-06-19,2896,3064.0,3352.749,2
P0003,2023-06-19,4484,4239.0,4199.6885,2
P0004,2023-06-19,5118,5759.0,3781.7375,2
P0019,2023-06-19,3838,3462.0,3500.8418,2
P0009,2023-06-19,3690,4710.0,4256.509,2
P0001,2023-06-19,4855,4536.0,4738.3457,2
P0012,2023-06-19,3547,4257.0,3640.3677,2
P0016,2023-06-26,4016,2743.0,3960.3623,2
P0006,2023-06-26,3855,2929.0,4363.8877,2
P0007,2023-06-26,3886,2617.0,3730.3462,2
P0012,2023-06-26,3523,2548.0,3432.2156,2
P0001,2023-06-26,4282,3074.0,3744.1267,2
P0002,2023-06-26,4395,2902.0,3886.3235,2
P0018,2023-06-26,3781,2710.0,3932.949,2
P0014,2023-06-26,3432,2697.0,4032.5872,2
P0009,2023-06-26,4142,4051.0,4443.968,2
P0003,2023-06-26,3910,2485.0,4101.7524,2
P0015,2023-06-26,4135,3081.0,4326.328,2
P0008,2023-06-26,5564,3075.0,4104.414,2
P0005,2023-06-26,4302,2752.0,4322.659,2
P0019,2023-06-26,3722,3170.0,3731.0215,2
P0011,2023-06-26,3652,2698.0,3586.3787,2
P0013,2023-06-26,4747,2837.0,3775.1892,2
P0004,2023-06-26,4960,3677.0,3887.8235,2
P0010,2023-06-26,4861,3171.0,4513.661,2
P0020,2023-06-26,3203,1982.0,3362.2954,2
P0017,2023-06-26,3677,1899.0,3813.365,2
P0014,2023-07-03,3842,2422.0,3779.7334,2
P0002,2023-07-03,4846,2606.0,4397.9185,2
P0018,2023-07-03,3554,2765.0,3943.5322,2
P0020,2023-07-03,3143,1958.0,3345.1714,2
P0005,2023-07-03,4485,2529.0,4132.983,2
P0019,2023-07-03,3552,2545.0,3775.6548,2
P0011,2023-07-03,4447,2884.0,3795.4617,2
P0015,2023-07-03,4772,2288.0,4341.482,2
P0004,2023-07-03,4937,3095.0,4018.3442,2
P0012,2023-07-03,3449,2860.0,3562.184,2
P0013,2023-07-03,4902,2953.0,3814.0767,2
P0006,2023-07-03,4294,2845.0,3783.643,2
P0003,2023-07-03,4361,2511.0,3799.4065,2
P0008,2023-07-03,5363,2642.0,4711.7085,2
P0007,2023-07-03,5410,3214.0,4055.5422,2
P0017,2023-07-03,4022,1920.0,3933.031,2
P0016,2023-07-03,2581,2459.0,3726.3274,2
P0010,2023-07-03,5220,2979.0,4622.553,2
P0001,2023-07-03,4722,1747.0,4151.7383,2
P0009,2023-07-03,5061,3906.0,4529.9814,2
P0009,2023-07-10,4463,2922.0,3959.1047,2
P0001,2023-07-10,3976,2536.0,3827.874,2
P0016,2023-07-10,3318,2071.0,3455.421,2
P0019,2023-07-10,4547,3189.0,3417.783,2
P0002,2023-07-10,4403,2847.0,4203.09,2
P0004,2023-07-10,5397,3081.0,4214.479,2
P0014,2023-07-10,3774,2116.0,3778.8013,2
P0007,2023-07-10,4248,2972.0,3397.1538,2
P0005,2023-07-10,4448,3123.0,4028.2717,2
P0003,2023-07-10,3821,2335.0,4346.671,2
P0018,2023-07-10,3534,3369.0,3766.45,2
P0015,2023-07-10,4222,2309.0,4058.8625,2
P0008,2023-07-10,4033,2409.0,3997.0479,2
P0012,2023-07-10,3843,2008.0,3610.2266,2
P0006,2023-07-10,3876,2330.0,3716.9185,2
P0017,2023-07-10,4217,1821.0,3858.1226,2
P0011,2023-07-10,3580,2741.0,3998.695,2
P0010,2023-07-10,4504,2939.0,3868.852,2
P0013,2023-07-10,4726,3223.0,4237.152,2
P0020,2023-07-10,3091,1670.0,3136.0022,2
P0007,2023-07-17,4869,2825.0,3676.1665,2
P0013,2023-07-17,4713,2679.0,3848.0974,2
P0002,2023-07-17,4364,2631.0,4026.801,2
P0001,2023-07-17,4144,2397.0,3959.6355,2
P0005,2023-07-17,4350,2483.0,4446.053,2
P0010,2023-07-17,4873,2956.0,4481.2847,2
P0008,2023-07-17,3861,2934.0,3916.9946,2
P0004,2023-07-17,4747,3182.0,3889.547,2
P0018,2023-07-17,3957,2450.0,3858.3074,2
P0006,2023-07-17,4079,2399.0,3901.0247,2
P0011,2023-07-17,4041,2362.0,3630.4614,2
P0012,2023-07-17,3380,1726.0,3732.8694,2
P0015,2023-07-17,3711,2635.0,4269.973,2
P0014,2023-07-17,3877,2135.0,3741.8442,2
P0003,2023-07-17,3773,2525.0,4259.6543,2
P0009,2023-07-17,4564,4314.0,4381.1074,2
P0017,2023-07-17,3595,1664.0,4011.2036,2
P0016,2023-07-17,3965,2312.0,3872.136,2
P0020,2023-07-17,2707,1734.0,3228.5708,2
P0019,2023-07-17,4323,2593.0,4145.1514,2
P0019,2023-07-24,4672,3373.0,3866.8125,2
P0001,2023-07-24,4970,4234.0,3961.3406,2
P0018,2023-07-24,3718,3771.0,3880.334,2
P0003,2023-07-24,3918,3937.0,3833.419,2
P0002,2023-07-24,4161,4665.0,3929.4624,2
P0014,2023-07-24,4056,3713.0,3883.0522,2
P0004,2023-07-24,5152,4824.0,3963.44,2
P0016,2023-07-24,3885,3811.0,3745.758,2
P0012,2023-07-24,2448,3877.0,3560.1926,2
P0009,2023-07-24,4455,5433.0,4138.5205,2
P0008,2023-07-24,4416,3983.0,3823.4148,2
P0010,2023-07-24,4612,4623.0,3737.2073,2
P0020,2023-07-24,3589,3181.0,3269.734,2
P0013,2023-07-24,5358,5048.0,3694.6836,2
P0017,2023-07-24,3492,3537.0,3772.8208,2
P0015,2023-07-24,4488,3389.0,3803.9739,2
P0007,2023-07-24,5224,4802.0,4052.507,2
P0005,2023-07-24,4035,4368.0,3955.7488,2
P0011,2023-07-24,3946,3670.0,3865.0422,2
P0006,2023-07-24,4785,4556.0,4013.403,2
P0006,2023-07-31,3947,4448.0,4241.255,2
P0007,2023-07-31,4767,4721.0,4386.661,2
P0019,2023-07-31,3649,4107.0,4168.3516,2
P0004,2023-07-31,4820,5160.0,3948.2507,2
P0003,2023-07-31,4234,4233.0,3769.0051,2
P0016,2023-07-31,4894,4672.0,4258.1104,2
P0017,2023-07-31,3770,3538.0,3828.2805,2
P0002,2023-07-31,3955,4217.0,3890.323,2
P0011,2023-07-31,4036,4011.0,3724.5864,2
P0015,2023-07-31,4741,3740.0,3923.793,2
P0012,2023-07-31,3406,3253.0,2943.1184,2
P0010,2023-07-31,4734,4934.0,3719.139,2
P0008,2023-07-31,3959,4435.0,3938.6008,2
P0013,2023-07-31,5058,4934.0,3940.3953,2
P0005,2023-07-31,4523,4119.0,4429.1885,2
P0018,2023-07-31,4224,3687.0,4026.726,2
P0014,2023-07-31,4004,4216.0,3984.1008,2
P0009,2023-07-31,4440,4051.0,4034.6418,2
P0001,2023-07-31,4556,4239.0,3785.5005,2
P0020,2023-07-31,3438,3199.0,3635.0837,2
P0015,2023-08-07,4100,3629.0,4349.025,2
P0017,2023-08-07,3299,3372.0,3728.1423,2
P0013,2023-08-07,5310,4548.0,4640.2163,2
P0010,2023-08-07,4799,4476.0,4015.8936,2
P0003,2023-08-07,4139,3645.0,4146.874,2
P0019,2023-08-07,3352,3678.0,4140.995,2
P0009,2023-08-07,4529,5209.0,3569.2927,2
P0012,2023-08-07,3911,4003.0,3617.7776,2
P0020,2023-08-07,3036,2974.0,3553.732,2
P0014,2023-08-07,4278,4074.0,3860.1448,2
P0011,2023-08-07,4333,3985.0,4269.8667,2
P0007,2023-08-07,5124,4456.0,3984.0396,2
P0016,2023-08-07,3578,4660.0,4200.5786,2
P0008,2023-08-07,4858,3741.0,4285.173,2
P0001,2023-08-07,4817,4333.0,4260.5186,2
P0018,2023-08-07,3756,3651.0,3991.1511,2
P0006,2023-08-07,5051,4208.0,4476.279,2
P0005,2023-08-07,4099,3985.0,3866.8826,2
P0004,2023-08-07,4756,4946.0,3996.055,2
P0002,2023-08-07,5149,4064.0,4068.2456,2
P0020,2023-08-14,3233,3254.0,3471.6052,3
P0012,2023-08-14,3738,3920.0,3636.397,3
P0014,2023-08-14,4178,4293.0,4244.9717,3
P0018,2023-08-14,3968,3600.0,3826.8215,3
P0008,2023-08-14,3474,3847.0,4032.8599,3
P0010,2023-08-14,4723,4443.0,4922.4414,3
P0011,2023-08-14,3740,3937.0,3833.7742,3
P0015,2023-08-14,4463,4420.0,4251.396,3
P0005,2023-08-14,3737,4898.0,3667.6812,3
P0007,2023-08-14,4598,5204.0,4264.1978,3
P0006,2023-08-14,4747,3600.0,4367.6553,3
P0004,2023-08-14,5789,5619.0,5112.7573,3
P0009,2023-08-14,4894,4452.0,4374.1006,3
P0002,2023-08-14,4443,4927.0,4487.9272,3
P0017,2023-08-14,3296,3469.0,3252.9766,3
P0003,2023-08-14,3472,3893.0,3926.308,3
P0016,2023-08-14,4017,3836.0,3928.834,3
P0019,2023-08-14,3365,3449.0,4070.6367,3
P0013,2023-08-14,5967,4891.0,5286.6777,3
P0001,2023-08-14,4260,4563.0,4393.738,3
P0002,2023-08-21,4934,4617.0,4631.698,3
P0013,2023-08-21,4658,5216.0,4723.0903,3
P0001,2023-08-21,4270,5149.0,4459.61,3
P0019,2023-08-21,3692,3691.0,3563.2896,3
P0020,2023-08-21,2983,3529.0,3283.7917,3
P0007,2023-08-21,5023,4909.0,4558.3237,3
P0011,2023-08-21,3928,5318.0,4097.4385,3
P0012,2023-08-21,3764,3870.0,3950.911,3
P0003,2023-08-21,4168,4521.0,3979.4138,3
P0015,2023-08-21,3764,4357.0,4311.7026,3
P0009,2023-08-21,4514,5199.0,4622.7197,3
P0018,2023-08-21,4318,3411.0,4142.3047,3
P0017,2023-08-21,3532,3548.0,3673.178,3
P0016,2023-08-21,3579,4099.0,4166.9214,3
P0010,2023-08-21,4699,4402.0,4541.4834,3
P0014,2023-08-21,3704,3823.0,4027.1965,3
P0005,2023-08-21,4106,4405.0,4216.0283,3
P0008,2023-08-21,4216,4337.0,3989.7263,3
P0006,2023-08-21,3777,4206.0,4788.519,3
P0004,2023-08-21,5401,4848.0,4653.559,3
P0005,2023-08-28,3856,3737.0,3909.0767,3
P0006,2023-08-28,3959,4208.0,4404.423,3
P0012,2023-08-28,3364,3852.0,3923.9324,3
P0007,2023-08-28,4173,4864.0,4296.678,3
P0017,2023-08-28,3311,3404.0,3262.881,3
P0001,2023-08-28,4516,3974.0,4317.1733,3
P0010,2023-08-28,4637,4210.0,4626.749,3
P0013,2023-08-28,4555,4263.0,4771.2197,3
P0020,2023-08-28,2818,3150.0,2839.819,3
P0018,2023-08-28,3417,3944.0,3685.581,3
P0015,2023-08-28,3972,3741.0,3899.8047,3
P0008,2023-08-28,3996,3721.0,4147.965,3
P0004,2023-08-28,4156,4071.0,4723.133,3
P0016,2023-08-28,3279,3910.0,3770.5542,3
P0014,2023-08-28,3257,3739.0,3924.3743,3
P0002,2023-08-28,4258,4525.0,4799.15,3
P0009,2023-08-28,4027,4320.0,4395.2607,3
P0019,2023-08-28,3299,3114.0,3576.2068,3
P0003,2023-08-28,3606,4909.0,3674.6685,3
P0011,2023-08-28,3597,4284.0,3984.4043,3
P0013,2023-09-04,4223,3982.0,5074.5215,3
P0008,2023-09-04,3885,3421.0,4014.3594,3
P0007,2023-09-04,4179,3848.0,4471.1064,3
P0016,2023-09-04,3735,3584.0,3765.0063,3
P0009,2023-09-04,4210,4273.0,4147.844,3
P0010,2023-09-04,3976,4543.0,4540.6733,3
P0011,2023-09-04,4050,4276.0,3782.4849,3
P0020,2023-09-04,3104,3186.0,3241.1213,3
P0003,2023-09-04,4440,3971.0,4080.5544,3
P0019,2023-09-04,3391,3299.0,3395.0093,3
P0002,2023-09-04,3740,3762.0,4640.4775,3
P0014,2023-09-04,3274,3607.0,3661.2021,3
P0015,2023-09-04,3914,4015.0,4066.47,3
P0018,2023-09-04,3646,3919.0,3939.9001,3
P0004,2023-09-04,3933,3941.0,4696.108,3
P0005,2023-09-04,3085,3639.0,3809.5845,3
P0006,2023-09-04,3945,3768.0,4574.7056,3
P0012,2023-09-04,3562,3226.0,3824.8916,3
P0017,2023-09-04,3614,3370.0,3503.745,3
P0001,2023-09-04,3664,3836.0,4166.784,3
P0018,2023-09-11,3247,3360.0,3826.2563,3
P0016,2023-09-11,3906,3196.0,3692.1716,3
P0014,2023-09-11,3330,3621.0,3713.7292,3
P0019,2023-09-11,3520,3555.0,3593.4016,3
P0015,2023-09-11,3339,3159.0,3659.5144,3
P0017,2023-09-11,3456,3693.0,3853.1997,3
P0020,2023-09-11,3161,2920.0,3144.3486,3
P0013,2023-09-11,4249,4097.0,4621.928,3
P0002,2023-09-11,3973,3745.0,4079.8142,3
P0004,2023-09-11,4315,4166.0,5134.654,3
P0011,2023-09-11,4128,3571.0,4147.4404,3
P0006,2023-09-11,3481,3756.0,3950.7512,3
P0009,2023-09-11,4713,4429.0,4740.5283,3
P0012,2023-09-11,3049,3417.0,3565.0828,3
P0008,2023-09-11,3412,4063.0,3731.852,3
P0007,2023-09-11,4315,4811.0,4357.6665,3
P0005,2023-09-11,3957,3997.0,3651.125,3
P0003,2023-09-11,3771,3484.0,4083.3606,3
P0001,2023-09-11,4231,4095.0,4214.9053,3
P0010,2023-09-11,4020,3903.0,4152.0723,3
P0014,2023-09-18,3501,3689.0,3334.5806,3
P0009,2023-09-18,3873,3731.0,4244.348,3
P0005,2023-09-18,4006,3741.0,4362.8384,3
P0015,2023-09-18,3636,4093.0,3733.4668,3
P0018,2023-09-18,3534,3592.0,3367.8801,3
P0002,2023-09-18,3911,3839.0,4433.439,3
P0006,2023-09-18,3459,4041.0,3828.1626,3
P0019,2023-09-18,3668,3581.0,3522.9067,3
P0010,2023-09-18,4087,3976.0,4046.468,3
P0016,2023-09-18,3777,2763.0,3717.4531,3
P0001,2023-09-18,4172,4176.0,4352.73,3
P0003,2023-09-18,3446,3735.0,3944.4978,3
P0007,2023-09-18,4187,3988.0,4318.2905,3
P0017,2023-09-18,3588,3685.0,3474.725,3
P0008,2023-09-18,3945,3756.0,3646.8708,3
P0012,2023-09-18,3542,3051.0,3181.0369,3
P0011,2023-09-18,3319,3038.0,3805.8,3
P0020,2023-09-18,3426,3179.0,3296.0977,3
P0004,2023-09-18,4607,3985.0,4470.7715,3
P0013,2023-09-18,3880,3963.0,4224.291,3
P0010,2023-09-25,3805,4050.0,3744.8599,3
P0003,2023-09-25,3527,3831.0,3749.954,3
P0015,2023-09-25,3960,3213.0,3678.3257,3
P0004,2023-09-25,3893,4393.0,4235.8037,3
P0020,2023-09-25,2907,2873.0,3191.7502,3
P0014,2023-09-25,3623,3691.0,3473.5312,3
P0011,2023-09-25,3537,3440.0,3525.4338,3
P0019,2023-09-25,3132,3136.0,3535.1746,3
P0016,2023-09-25,3542,3658.0,3819.062,3
P0018,2023-09-25,3244,3266.0,3565.5894,3
P0001,2023-09-25,3734,4013.0,4122.7153,3
P0005,2023-09-25,3723,3534.0,4155.6333,3
P0009,2023-09-25,3531,3415.0,3881.5586,3
P0007,2023-09-25,3922,3644.0,3600.9214,3
P0002,2023-09-25,3907,4096.0,3631.901,3
P0006,2023-09-25,3969,3783.0,3923.8242,3
P0017,2023-09-25,3399,3353.0,3756.4502,3
P0013,2023-09-25,3956,5412.0,3975.134,3
P0012,2023-09-25,3394,3565.0,3678.4495,3
P0008,2023-09-25,3680,3530.0,3766.5579,3
P0003,2023-10-02,3618,3587.0,3643.4868,3
P0011,2023-10-02,3145,3513.0,3443.329,3
P0017,2023-10-02,2673,3208.0,3392.6675,3
P0018,2023-10-02,3663,3698.0,3473.0645,3
P0006,2023-10-02,2885,3956.0,3898.1772,3
P0016,2023-10-02,3539,3742.0,4094.0002,3
P0004,2023-10-02,3590,4014.0,4189.0815,3
P0010,2023-10-02,3789,4332.0,4029.3438,3
P0008,2023-10-02,3445,3616.0,4002.858,3
P0005,2023-10-02,3141,3403.0,4135.605,3
P0015,2023-10-02,3182,3837.0,4006.1782,3
P0020,2023-10-02,2732,3235.0,2900.033,3
P0009,2023-10-02,3794,4323.0,4013.9978,3
P0007,2023-10-02,4071,3994.0,4122.879,3
P0019,2023-10-02,3381,3295.0,3151.14,3
P0014,2023-10-02,2954,3650.0,3624.4893,3
P0013,2023-10-02,3694,4137.0,4154.8447,3
P0002,2023-10-02,4028,4211.0,4352.058,3
P0012,2023-10-02,2836,3540.0,3231.9915,3
P0001,2023-10-02,3367,4146.0,4001.3582,3
P0007,2023-10-09,2312,4009.0,3999.1687,3
P0015,2023-10-09,3335,3760.0,3600.2844,3
P0010,2023-10-09,2419,3739.0,3765.9897,3
P0020,2023-10-09,1615,3241.0,3201.9795,3
P0006,2023-10-09,2349,4220.0,3592.8489,3
P0017,2023-10-09,1585,3604.0,3424.4329,3
P0018,2023-10-09,3283,3427.0,3959.2917,3
P0012,2023-10-09,1902,3623.0,3426.3418,3
P0014,2023-10-09,2466,3579.0,3614.7778,3
P0009,2023-10-09,2830,4496.0,3696.6975,3
P0004,2023-10-09,2406,4640.0,4218.409,3
P0001,2023-10-09,2125,3932.0,3764.6074,3
P0019,2023-10-09,2644,4618.0,3777.4395,3
P0002,2023-10-09,2538,4293.0,3536.347,3
P0005,2023-10-09,2570,4156.0,3950.2847,3
P0008,2023-10-09,2357,3664.0,3771.459,3
P0011,2023-10-09,2142,3832.0,3229.8032,3
P0003,2023-10-09,2304,3999.0,3561.4268,3
P0013,2023-10-09,2428,4184.0,3996.5652,3
P0016,2023-10-09,2371,3459.0,3695.9949,3
P0015,2023-10-16,2415,3456.0,3582.7317,3
P0016,2023-10-16,1866,3500.0,2980.842,3
P0002,2023-10-16,2473,3604.0,3631.9846,3
P0005,2023-10-16,2277,3822.0,3608.6138,3
P0020,2023-10-16,1676,3108.0,3218.4956,3
P0018,2023-10-16,3065,3663.0,3348.6445,3
P0013,2023-10-16,2676,4353.0,3848.0823,3
P0012,2023-10-16,1907,3518.0,3216.1462,3
P0006,2023-10-16,2200,3852.0,3774.0164,3
P0009,2023-10-16,3233,3347.0,3396.8223,3
P0004,2023-10-16,2989,4161.0,3681.2388,3
P0008,2023-10-16,2774,3761.0,3573.3904,3
P0017,2023-10-16,1584,3515.0,3408.7456,3
P0001,2023-10-16,2480,3791.0,3509.954,3
P0014,2023-10-16,2120,2432.0,3402.886,3
P0011,2023-10-16,2493,3128.0,3242.143,3
P0003,2023-10-16,2441,3823.0,3409.6704,3
P0007,2023-10-16,2465,3991.0,3386.8013,3
P0010,2023-10-16,2678,4054.0,3558.4014,3
P0019,2023-10-16,2657,3810.0,3240.033,3
P0011,2023-10-23,3312,3687.0,3058.9038,3
P0005,2023-10-23,3565,4037.0,3280.99,3
P0001,2023-10-23,4191,3963.0,3467.019,3
P0002,2023-10-23,3690,3704.0,3627.3896,3
P0016,2023-10-23,3344,4003.0,2832.0125,3
P0003,2023-10-23,3560,3415.0,3357.5896,3
P0009,2023-10-23,4872,3940.0,3749.6414,3
P0020,2023-10-23,2817,3296.0,3246.1445,3
P0019,2023-10-23,3063,2972.0,3394.1514,3
P0007,2023-10-23,3737,4013.0,3541.3992,3
P0018,2023-10-23,3076,3356.0,3449.807,3
P0012,2023-10-23,2948,3164.0,2710.7056,3
P0014,2023-10-23,2911,3144.0,2702.541,3
P0015,2023-10-23,3077,3551.0,3331.8003,3
P0006,2023-10-23,3602,3864.0,3200.1245,3
P0010,2023-10-23,3507,3396.0,3393.4087,3
P0017,2023-10-23,3133,3774.0,3246.0474,3
P0013,2023-10-23,3508,3913.0,3538.9233,3
P0008,2023-10-23,3401,3432.0,3282.3591,3
P0004,2023-10-23,3783,4176.0,3591.4734,3
P0001,2023-10-30,4500,3795.0,4438.265,4
P0008,2023-10-30,3735,3633.0,3589.095,4
P0013,2023-10-30,4315,3989.0,3706.146,4
P0015,2023-10-30,3580,3322.0,3399.3696,4
P0011,2023-10-30,3520,3545.0,3298.1445,4
P0005,2023-10-30,4058,3924.0,3760.4094,4
P0019,2023-10-30,3570,3228.0,3468.5603,4
P0007,2023-10-30,4211,3875.0,3797.7415,4
P0004,2023-10-30,3724,4550.0,4001.3643,4
P0017,2023-10-30,3305,3193.0,3744.5652,4
P0014,2023-10-30,3436,3538.0,3345.207,4
P0010,2023-10-30,4326,3792.0,3595.5505,4
P0006,2023-10-30,3627,3523.0,3473.4558,4
P0018,2023-10-30,3000,3374.0,3669.1855,4
P0012,2023-10-30,3305,3679.0,3340.2324,4
P0020,2023-10-30,2880,3485.0,3391.0308,4
P0002,2023-10-30,3467,3867.0,3819.796,4
P0009,2023-10-30,4057,4198.0,4838.9033,4
P0003,2023-10-30,3179,3986.0,3420.7693,4
P0016,2023-10-30,3969,4767.0,3739.5554,4
P0006,2023-11-06,4105,4278.0,3786.8364,4
P0020,2023-11-06,2989,3404.0,3329.9622,4
P0001,2023-11-06,4093,4492.0,4321.3213,4
P0017,2023-11-06,3493,3805.0,3465.0466,4
P0016,2023-11-06,3451,3896.0,3532.4268,4
P0013,2023-11-06,3692,4029.0,3744.1108,4
P0009,2023-11-06,3837,4201.0,3760.292,4
P0015,2023-11-06,3400,3398.0,3299.4275,4
P0011,2023-11-06,3718,3667.0,3374.5286,4
P0019,2023-11-06,3223,3267.0,3209.2864,4
P0003,2023-11-06,4013,3281.0,3723.7498,4
P0014,2023-11-06,3926,3841.0,3649.3076,4
P0010,2023-11-06,4086,4343.0,4007.4216,4
P0002,2023-11-06,4030,4164.0,3878.7832,4
P0008,2023-11-06,3711,3883.0,3644.3628,4
P0004,2023-11-06,4042,4341.0,3639.84,4
P0018,2023-11-06,3744,3308.0,3250.1897,4
P0007,2023-11-06,4963,4037.0,3612.5662,4
P0012,2023-11-06,3425,3512.0,3405.6914,4
P0005,2023-11-06,3453,3963.0,3348.1865,4
P0016,2023-11-13,3564,3948.0,3400.998,4
P0011,2023-11-13,3505,3182.0,3571.5986,4
P0001,2023-11-13,4084,3860.0,4244.0244,4
P0019,2023-11-13,3390,3174.0,3366.414,4
P0007,2023-11-13,4652,4138.0,4349.902,4
P0006,2023-11-13,4180,4099.0,4264.3413,4
P0003,2023-11-13,4157,3798.0,4084.5232,4
P0014,2023-11-13,3466,5341.0,3419.3535,4
P0020,2023-11-13,2994,2846.0,3317.0598,4
P0010,2023-11-13,4062,4010.0,3980.0273,4
P0005,2023-11-13,3793,3850.0,3875.2546,4
P0002,2023-11-13,3885,4341.0,3947.6626,4
P0018,2023-11-13,3375,4033.0,3224.3264,4
P0013,2023-11-13,3494,4371.0,3741.6033,4
P0017,2023-11-13,3188,3510.0,3353.0225,4
P0004,2023-11-13,4310,3787.0,4105.9175,4
P0008,2023-11-13,3646,3415.0,4004.5586,4
P0009,2023-11-13,4074,4107.0,3954.315,4
P0015,2023-11-13,3484,3730.0,3295.0242,4
P0012,2023-11-13,3923,3528.0,3563.29,4
P0002,2023-11-20,3442,3805.0,3987.8396,4
P0005,2023-11-20,4107,4126.0,3765.1682,4
P0019,2023-11-20,3658,3426.0,3356.3904,4
P0017,2023-11-20,3879,3374.0,3380.3113,4
P0004,2023-11-20,4270,3010.0,4225.44,4
P0001,2023-11-20,3452,3543.0,4157.713,4
P0018,2023-11-20,3678,3795.0,3317.7002,4
P0003,2023-11-20,3595,3702.0,3958.0454,4
P0006,2023-11-20,3880,4038.0,3998.7493,4
P0010,2023-11-20,3894,3705.0,4065.341,4
P0007,2023-11-20,4377,4869.0,4944.0225,4
P0015,2023-11-20,3942,3972.0,3859.3777,4
P0020,2023-11-20,2465,3119.0,3487.7031,4
P0009,2023-11-20,4008,4140.0,3909.4414,4
P0011,2023-11-20,3506,3613.0,3800.068,4
P0008,2023-11-20,3263,3580.0,3631.4531,4
P0014,2023-11-20,3001,3771.0,3353.3528,4
P0012,2023-11-20,4259,3348.0,3746.2537,4
P0016,2023-11-20,3780,3421.0,3535.4038,4
P0013,2023-11-20,3154,4879.0,3973.873,4
P0018,2023-11-27,3331,3590.0,3403.9983,4
P0019,2023-11-27,3714,3540.0,3729.8596,4
P0015,2023-11-27,3994,3831.0,4277.0166,4
P0008,2023-11-27,3572,3572.0,3749.5703,4
P0014,2023-11-27,3213,2194.0,3318.4504,4
P0010,2023-11-27,3874,4155.0,3398.3477,4
P0017,2023-11-27,3240,3389.0,3313.9465,4
P0009,2023-11-27,4469,3899.0,4020.281,4
P0007,2023-11-27,3894,3964.0,3910.0454,4
P0001,2023-11-27,3776,3593.0,3651.5842,4
P0002,2023-11-27,3705,4079.0,3538.7173,4
P0013,2023-11-27,4407,3738.0,3648.9524,4
P0012,2023-11-27,3729,3310.0,4117.563,4
P0003,2023-11-27,4369,4020.0,3701.0803,4
P0004,2023-11-27,4088,3777.0,4320.033,4
P0005,2023-11-27,4166,3451.0,3865.7722,4
P0020,2023-11-27,2763,3183.0,3144.5842,4
P0006,2023-11-27,4395,3586.0,4115.4272,4
P0011,2023-11-27,3698,3446.0,3479.2002,4
P0016,2023-11-27,3911,3325.0,3664.624,4
P0011,2023-12-04,4016,4128.0,3799.2014,4
P0009,2023-12-04,5601,4436.0,4219.88,4
P0013,2023-12-04,4022,4155.0,4372.889,4
P0008,2023-12-04,3799,4261.0,3566.2468,4
P0005,2023-12-04,3787,4442.0,4159.2944,4
P0003,2023-12-04,4128,3792.0,4168.2637,4
P0018,2023-12-04,3673,3976.0,3740.515,4
P0019,2023-12-04,3787,3636.0,3578.3435,4
P0020,2023-12-04,3083,3378.0,3344.8254,4
P0014,2023-12-04,3389,3356.0,3751.763,4
P0010,2023-12-04,4251,3983.0,3857.8618,4
P0015,2023-12-04,3023,3839.0,3788.2751,4
P0006,2023-12-04,4607,3647.0,4501.134,4
P0017,2023-12-04,3089,3741.0,3748.8875,4
P0007,2023-12-04,4177,4664.0,4377.861,4
P0004,2023-12-04,4274,3916.0,3949.4966,4
P0002,2023-12-04,3848,4307.0,3744.5938,4
P0016,2023-12-04,3952,3934.0,4543.0605,4
P0001,2023-12-04,4277,4620.0,3843.8643,4
P0012,2023-12-04,3510,3272.0,3782.1504,4
P0018,2023-12-11,3434,3859.0,3757.2075,4
P0020,2023-12-11,3272,3555.0,3294.0156,4
P0009,2023-12-11,5228,4241.0,4769.7046,4
P0004,2023-12-11,4134,4125.0,4147.3433,4
P0015,2023-12-11,3167,3661.0,3841.9814,4
P0013,2023-12-11,4218,4422.0,4099.07,4
P0010,2023-12-11,3739,4364.0,4072.3762,4
P0006,2023-12-11,4122,4367.0,4527.1045,4
P0003,2023-12-11,4024,4554.0,4318.9873,4
P0008,2023-12-11,4049,4136.0,4020.2432,4
P0005,2023-12-11,4151,4488.0,4501.09,4
P0011,2023-12-11,3613,4084.0,3767.566,4
P0001,2023-12-11,3649,4012.0,4281.771,4
P0007,2023-12-11,3759,4724.0,3830.6794,4
P0016,2023-12-11,3558,3735.0,3595.3413,4
P0014,2023-12-11,3671,3544.0,3693.2605,4
P0019,2023-12-11,3691,3884.0,3944.6008,4
P0017,2023-12-11,3776,3063.0,3518.6692,4
P0002,2023-12-11,4590,4173.0,3800.8794,4
P0012,2023-12-11,3609,3795.0,3797.308,4
P0003,2023-12-18,4013,3447.0,4014.595,4
P0018,2023-12-18,3810,3293.0,3755.292,4
P0001,2023-12-18,4192,4250.0,3836.626,4
P0012,2023-12-18,3439,3584.0,3709.833,4
P0019,2023-12-18,3401,3648.0,3615.6133,4
P0015,2023-12-18,3639,3892.0,3467.5947,4
P0010,2023-12-18,4409,4148.0,4136.92,4
P0014,2023-12-18,3922,3139.0,3519.4883,4
P0002,2023-12-18,5023,3649.0,4751.0054,4
P0011,2023-12-18,3541,4083.0,3716.7463,4
P0013,2023-12-18,4390,4366.0,4273.984,4
P0006,2023-12-18,3850,3753.0,4284.8286,4
P0017,2023-12-18,3765,3638.0,3823.092,4
P0008,2023-12-18,4247,3554.0,4096.7,4
P0005,2023-12-18,3921,4260.0,4242.013,4
P0016,2023-12-18,3925,4140.0,3731.7002,4
P0020,2023-12-18,3813,3591.0,3400.4019,4
P0007,2023-12-18,4509,4954.0,4318.7495,4
P0004,2023-12-18,4656,4462.0,4071.1543,4
P0009,2023-12-18,4427,4880.0,4526.588,4
P0008,2023-12-25,3007,3777.0,3909.1438,4
P0010,2023-12-25,3045,4126.0,4291.981,4
P0001,2023-12-25,3157,4398.0,4204.513,4
P0002,2023-12-25,2867,3816.0,4551.36,4
P0003,2023-12-25,2333,4041.0,3750.823,4
P0011,2023-12-25,2768,3888.0,3633.6404,4
P0012,2023-12-25,2130,3400.0,3599.3926,4
P0014,2023-12-25,2127,3593.0,3620.6475,4
P0007,2023-12-25,2459,4115.0,3568.8484,4
P0017,2023-12-25,2357,3960.0,3548.6653,4
P0019,2023-12-25,3291,3720.0,3739.9285,4
P0016,2023-12-25,2680,3984.0,3719.575,4
P0005,2023-12-25,2707,4213.0,3844.9868,4
P0006,2023-12-25,2593,4140.0,3715.1704,4
P0015,2023-12-25,3186,4217.0,3839.45,4
P0013,2023-12-25,2551,4023.0,3984.0156,4
P0018,2023-12-25,3012,3668.0,3672.301,4
P0020,2023-12-25,2369,3573.0,3231.1736,4
P0004,2023-12-25,2987,4501.0,4242.108,4
P0009,2023-12-25,3539,4211.0,4347.8228,4
P0020,2024-01-01,1815,2530.0,2722.791,4
P0011,2024-01-01,2739,3600.0,3103.6233,4
P0012,2024-01-01,1785,3628.0,2460.6597,4
P0014,2024-01-01,2143,3237.0,2777.5752,4
P0018,2024-01-01,3016,3921.0,3385.6528,4
P0009,2024-01-01,3403,4310.0,4007.9304,4
P0017,2024-01-01,1435,3804.0,2967.0444,4
P0013,2024-01-01,2551,4534.0,3049.1902,4
P0019,2024-01-01,2661,3794.0,3435.7231,4
P0016,2024-01-01,2270,3895.0,3033.8591,4
P0007,2024-01-01,2340,4045.0,2934.4802,4
P0001,2024-01-01,2279,4156.0,3354.3667,4
P0002,2024-01-01,2698,4105.0,3172.666,4
P0005,2024-01-01,2747,4151.0,3201.0474,4
P0015,2024-01-01,2484,3831.0,3240.9937,4
P0006,2024-01-01,2664,4717.0,3155.1882,4
P0008,2024-01-01,2700,4053.0,3451.611,4
P0004,2024-01-01,2435,4521.0,3077.1462,4
P0010,2024-01-01,2932,4367.0,3448.8562,4
P0003,2024-01-01,2507,4107.0,3068.8372,4
P0006,2024-01-08,3374,3766.0,3197.2966,4
P0017,2024-01-08,3083,3573.0,2353.758,4
P0009,2024-01-08,4177,4183.0,3899.8337,4
P0005,2024-01-08,3624,4712.0,2807.688,4
P0007,2024-01-08,3890,4778.0,2938.0308,4
P0015,2024-01-08,3660,4124.0,2783.7031,4
P0012,2024-01-08,3528,3609.0,2449.4038,4
P0016,2024-01-08,3936,3715.0,3102.354,4
P0019,2024-01-08,3450,3662.0,2979.8164,4
P0003,2024-01-08,2958,4303.0,3110.0105,4
P0004,2024-01-08,4441,4029.0,3091.8777,4
P0010,2024-01-08,3813,3931.0,3078.705,4
P0014,2024-01-08,3130,4029.0,2787.0789,4
P0018,2024-01-08,2777,4326.0,3342.0815,4
P0013,2024-01-08,3517,4501.0,3151.9277,4
P0008,2024-01-08,3744,4317.0,3192.4373,4
P0002,2024-01-08,3669,4453.0,2944.9197,4
P0020,2024-01-08,2992,3239.0,2326.5867,4
P0001,2024-01-08,3821,4008.0,3110.092,4
P0011,2024-01-08,3704,3794.0,3031.805,4
